<?xml version="1.0" encoding="UTF-8"?>
<project-private xmlns="http://www.netbeans.org/ns/project-private/1">
    <editor-bookmarks xmlns="http://www.netbeans.org/ns/editor-bookmarks/2" lastBookmarkId="0"/>
    <open-files xmlns="http://www.netbeans.org/ns/projectui-open-files/2">
        <group>
            <file>file:/Users/macbookpro/Desktop/Proyecto1%205/src/ProjectApp/Main.java</file>
            <file>file:/Users/macbookpro/Desktop/Proyecto1%205/src/ProjectClasses/Graph.java</file>
            <file>file:/Users/macbookpro/Desktop/Proyecto1%205/src/ProjectInterface/MainMenu.java</file>
            <file>file:/Users/macbookpro/Desktop/Proyecto1%205/src/ProjectTools/Functions.java</file>
            <file>file:/Users/macbookpro/Desktop/Proyecto1%205/src/ProjectClasses/ListSimple.java</file>
            <file>file:/Users/macbookpro/Desktop/Proyecto1%205/src/ProjectTools/Parser.java</file>
            <file>file:/Users/macbookpro/Desktop/Proyecto1%205/src/ProjectClasses/Node.java</file>
            <file>file:/Users/macbookpro/Desktop/Proyecto1%205/src/ProjectApp/App.java</file>
            <file>file:/Users/macbookpro/Desktop/Proyecto1%205/src/ProjectClasses/Edge.java</file>
            <file>file:/Users/macbookpro/Desktop/Proyecto1%205/src/ProjectClasses/User.java</file>
        </group>
    </open-files>
</project-private>
